{"cameraMode":{"drawMode":0,"name":"Shaded","section":"Shading Mode"},"sceneLighting":false,"audioPlay":false,"sceneViewState":{"m_AlwaysRefresh":false,"showFog":true,"showSkybox":false,"showFlares":true,"showImageEffects":true,"showParticleSystems":true,"showVisualEffectGraphs":true,"m_FxEnabled":true},"in2DMode":false,"pivot":{"x":1.250000238418579,"y":0.5778332948684692,"z":1.249999761581421},"rotation":{"x":-0.01041086670011282,"y":-0.9883139729499817,"z":0.13003049790859223,"w":-0.07962583005428314},"size":3.0625689029693605,"orthographic":false}